{
    "accuracy": 0.9761460642103185,
    "precision": 0.06309585716762003,
    "recall": 0.9238578680203046,
    "roc_auc": 0.989434618449755
}